code,name,strategy,resonance_count,action_guide
603577,汇金通,"one_sun,macd_water,golden_pit",3,"[one_sun]: 【爆发位】次日关注高开(1%-3%)。若放量突破昨日高点可进场，止损设在阳线1/2处。
[macd_water]: 【强势位】DIF在水上。若股价回踩20日线企稳可低吸，MACD红柱缩短需减仓。
[golden_pit]: 【底部位】属于左侧潜伏。若今日放量阳线确认坑底，可轻仓试错，跌破坑底止损。"
603885,吉祥航空,"macd_water,golden_pit",2,"[macd_water]: 【强势位】DIF在水上。若股价回踩20日线企稳可低吸，MACD红柱缩短需减仓。
[golden_pit]: 【底部位】属于左侧潜伏。若今日放量阳线确认坑底，可轻仓试错，跌破坑底止损。"
002117,东港股份,"macd_water,golden_pit",2,"[macd_water]: 【强势位】DIF在水上。若股价回踩20日线企稳可低吸，MACD红柱缩短需减仓。
[golden_pit]: 【底部位】属于左侧潜伏。若今日放量阳线确认坑底，可轻仓试错，跌破坑底止损。"
600927,永安期货,"macd_water,golden_pit",2,"[macd_water]: 【强势位】DIF在水上。若股价回踩20日线企稳可低吸，MACD红柱缩短需减仓。
[golden_pit]: 【底部位】属于左侧潜伏。若今日放量阳线确认坑底，可轻仓试错，跌破坑底止损。"
002111,威海广泰,"macd_water,golden_pit",2,"[macd_water]: 【强势位】DIF在水上。若股价回踩20日线企稳可低吸，MACD红柱缩短需减仓。
[golden_pit]: 【底部位】属于左侧潜伏。若今日放量阳线确认坑底，可轻仓试错，跌破坑底止损。"
603901,永创智能,"macd_water,golden_pit",2,"[macd_water]: 【强势位】DIF在水上。若股价回踩20日线企稳可低吸，MACD红柱缩短需减仓。
[golden_pit]: 【底部位】属于左侧潜伏。若今日放量阳线确认坑底，可轻仓试错，跌破坑底止损。"
002090,金智科技,"macd_water,golden_pit",2,"[macd_water]: 【强势位】DIF在水上。若股价回踩20日线企稳可低吸，MACD红柱缩短需减仓。
[golden_pit]: 【底部位】属于左侧潜伏。若今日放量阳线确认坑底，可轻仓试错，跌破坑底止损。"
603926,铁流股份,"macd_water,golden_pit",2,"[macd_water]: 【强势位】DIF在水上。若股价回踩20日线企稳可低吸，MACD红柱缩短需减仓。
[golden_pit]: 【底部位】属于左侧潜伏。若今日放量阳线确认坑底，可轻仓试错，跌破坑底止损。"
002052,同洲电子,"one_sun,golden_pit",2,"[one_sun]: 【爆发位】次日关注高开(1%-3%)。若放量突破昨日高点可进场，止损设在阳线1/2处。
[golden_pit]: 【底部位】属于左侧潜伏。若今日放量阳线确认坑底，可轻仓试错，跌破坑底止损。"
002815,崇达技术,"macd_water,golden_pit",2,"[macd_water]: 【强势位】DIF在水上。若股价回踩20日线企稳可低吸，MACD红柱缩短需减仓。
[golden_pit]: 【底部位】属于左侧潜伏。若今日放量阳线确认坑底，可轻仓试错，跌破坑底止损。"
600843,上工申贝,"macd_water,golden_pit",2,"[macd_water]: 【强势位】DIF在水上。若股价回踩20日线企稳可低吸，MACD红柱缩短需减仓。
[golden_pit]: 【底部位】属于左侧潜伏。若今日放量阳线确认坑底，可轻仓试错，跌破坑底止损。"
002023,海特高新,"macd_water,golden_pit",2,"[macd_water]: 【强势位】DIF在水上。若股价回踩20日线企稳可低吸，MACD红柱缩短需减仓。
[golden_pit]: 【底部位】属于左侧潜伏。若今日放量阳线确认坑底，可轻仓试错，跌破坑底止损。"
603969,银龙股份,"macd_water,golden_pit",2,"[macd_water]: 【强势位】DIF在水上。若股价回踩20日线企稳可低吸，MACD红柱缩短需减仓。
[golden_pit]: 【底部位】属于左侧潜伏。若今日放量阳线确认坑底，可轻仓试错，跌破坑底止损。"
600784,鲁银投资,"macd_water,golden_pit",2,"[macd_water]: 【强势位】DIF在水上。若股价回踩20日线企稳可低吸，MACD红柱缩短需减仓。
[golden_pit]: 【底部位】属于左侧潜伏。若今日放量阳线确认坑底，可轻仓试错，跌破坑底止损。"
600768,宁波富邦,"macd_water,golden_pit",2,"[macd_water]: 【强势位】DIF在水上。若股价回踩20日线企稳可低吸，MACD红柱缩短需减仓。
[golden_pit]: 【底部位】属于左侧潜伏。若今日放量阳线确认坑底，可轻仓试错，跌破坑底止损。"
000978,桂林旅游,"macd_water,golden_pit",2,"[macd_water]: 【强势位】DIF在水上。若股价回踩20日线企稳可低吸，MACD红柱缩短需减仓。
[golden_pit]: 【底部位】属于左侧潜伏。若今日放量阳线确认坑底，可轻仓试错，跌破坑底止损。"
000967,盈峰环境,"macd_water,golden_pit",2,"[macd_water]: 【强势位】DIF在水上。若股价回踩20日线企稳可低吸，MACD红柱缩短需减仓。
[golden_pit]: 【底部位】属于左侧潜伏。若今日放量阳线确认坑底，可轻仓试错，跌破坑底止损。"
000928,中钢国际,"macd_water,golden_pit",2,"[macd_water]: 【强势位】DIF在水上。若股价回踩20日线企稳可低吸，MACD红柱缩短需减仓。
[golden_pit]: 【底部位】属于左侧潜伏。若今日放量阳线确认坑底，可轻仓试错，跌破坑底止损。"
605155,西大门,"macd_water,golden_pit",2,"[macd_water]: 【强势位】DIF在水上。若股价回踩20日线企稳可低吸，MACD红柱缩短需减仓。
[golden_pit]: 【底部位】属于左侧潜伏。若今日放量阳线确认坑底，可轻仓试错，跌破坑底止损。"
002051,中工国际,"macd_water,golden_pit",2,"[macd_water]: 【强势位】DIF在水上。若股价回踩20日线企稳可低吸，MACD红柱缩短需减仓。
[golden_pit]: 【底部位】属于左侧潜伏。若今日放量阳线确认坑底，可轻仓试错，跌破坑底止损。"
603085,天成自控,"macd_water,golden_pit",2,"[macd_water]: 【强势位】DIF在水上。若股价回踩20日线企稳可低吸，MACD红柱缩短需减仓。
[golden_pit]: 【底部位】属于左侧潜伏。若今日放量阳线确认坑底，可轻仓试错，跌破坑底止损。"
002510,天汽模,"macd_water,golden_pit",2,"[macd_water]: 【强势位】DIF在水上。若股价回踩20日线企稳可低吸，MACD红柱缩短需减仓。
[golden_pit]: 【底部位】属于左侧潜伏。若今日放量阳线确认坑底，可轻仓试错，跌破坑底止损。"
603116,红蜻蜓,"one_sun,golden_pit",2,"[one_sun]: 【爆发位】次日关注高开(1%-3%)。若放量突破昨日高点可进场，止损设在阳线1/2处。
[golden_pit]: 【底部位】属于左侧潜伏。若今日放量阳线确认坑底，可轻仓试错，跌破坑底止损。"
002538,司尔特,"macd_water,golden_pit",2,"[macd_water]: 【强势位】DIF在水上。若股价回踩20日线企稳可低吸，MACD红柱缩短需减仓。
[golden_pit]: 【底部位】属于左侧潜伏。若今日放量阳线确认坑底，可轻仓试错，跌破坑底止损。"
002579,中京电子,"macd_water,golden_pit",2,"[macd_water]: 【强势位】DIF在水上。若股价回踩20日线企稳可低吸，MACD红柱缩短需减仓。
[golden_pit]: 【底部位】属于左侧潜伏。若今日放量阳线确认坑底，可轻仓试错，跌破坑底止损。"
601872,招商轮船,"macd_water,golden_pit",2,"[macd_water]: 【强势位】DIF在水上。若股价回踩20日线企稳可低吸，MACD红柱缩短需减仓。
[golden_pit]: 【底部位】属于左侧潜伏。若今日放量阳线确认坑底，可轻仓试错，跌破坑底止损。"
601857,中国石油,"macd_water,golden_pit",2,"[macd_water]: 【强势位】DIF在水上。若股价回踩20日线企稳可低吸，MACD红柱缩短需减仓。
[golden_pit]: 【底部位】属于左侧潜伏。若今日放量阳线确认坑底，可轻仓试错，跌破坑底止损。"
002601,龙佰集团,"macd_water,golden_pit",2,"[macd_water]: 【强势位】DIF在水上。若股价回踩20日线企稳可低吸，MACD红柱缩短需减仓。
[golden_pit]: 【底部位】属于左侧潜伏。若今日放量阳线确认坑底，可轻仓试错，跌破坑底止损。"
002293,罗莱生活,"macd_water,golden_pit",2,"[macd_water]: 【强势位】DIF在水上。若股价回踩20日线企稳可低吸，MACD红柱缩短需减仓。
[golden_pit]: 【底部位】属于左侧潜伏。若今日放量阳线确认坑底，可轻仓试错，跌破坑底止损。"
603700,宁水集团,"macd_water,golden_pit",2,"[macd_water]: 【强势位】DIF在水上。若股价回踩20日线企稳可低吸，MACD红柱缩短需减仓。
[golden_pit]: 【底部位】属于左侧潜伏。若今日放量阳线确认坑底，可轻仓试错，跌破坑底止损。"
601229,上海银行,"macd_water,golden_pit",2,"[macd_water]: 【强势位】DIF在水上。若股价回踩20日线企稳可低吸，MACD红柱缩短需减仓。
[golden_pit]: 【底部位】属于左侧潜伏。若今日放量阳线确认坑底，可轻仓试错，跌破坑底止损。"
601226,华电科工,"macd_water,golden_pit",2,"[macd_water]: 【强势位】DIF在水上。若股价回踩20日线企稳可低吸，MACD红柱缩短需减仓。
[golden_pit]: 【底部位】属于左侧潜伏。若今日放量阳线确认坑底，可轻仓试错，跌破坑底止损。"
002250,联化科技,"macd_water,golden_pit",2,"[macd_water]: 【强势位】DIF在水上。若股价回踩20日线企稳可低吸，MACD红柱缩短需减仓。
[golden_pit]: 【底部位】属于左侧潜伏。若今日放量阳线确认坑底，可轻仓试错，跌破坑底止损。"
603408,建霖家居,"macd_water,golden_pit",2,"[macd_water]: 【强势位】DIF在水上。若股价回踩20日线企稳可低吸，MACD红柱缩短需减仓。
[golden_pit]: 【底部位】属于左侧潜伏。若今日放量阳线确认坑底，可轻仓试错，跌破坑底止损。"
601111,中国国航,"macd_water,golden_pit",2,"[macd_water]: 【强势位】DIF在水上。若股价回踩20日线企稳可低吸，MACD红柱缩短需减仓。
[golden_pit]: 【底部位】属于左侧潜伏。若今日放量阳线确认坑底，可轻仓试错，跌破坑底止损。"
601108,财通证券,"macd_water,golden_pit",2,"[macd_water]: 【强势位】DIF在水上。若股价回踩20日线企稳可低吸，MACD红柱缩短需减仓。
[golden_pit]: 【底部位】属于左侧潜伏。若今日放量阳线确认坑底，可轻仓试错，跌破坑底止损。"
002203,海亮股份,"macd_water,golden_pit",2,"[macd_water]: 【强势位】DIF在水上。若股价回踩20日线企稳可低吸，MACD红柱缩短需减仓。
[golden_pit]: 【底部位】属于左侧潜伏。若今日放量阳线确认坑底，可轻仓试错，跌破坑底止损。"
600989,宝丰能源,"macd_water,golden_pit",2,"[macd_water]: 【强势位】DIF在水上。若股价回踩20日线企稳可低吸，MACD红柱缩短需减仓。
[golden_pit]: 【底部位】属于左侧潜伏。若今日放量阳线确认坑底，可轻仓试错，跌破坑底止损。"
600710,苏美达,"macd_water,golden_pit",2,"[macd_water]: 【强势位】DIF在水上。若股价回踩20日线企稳可低吸，MACD红柱缩短需减仓。
[golden_pit]: 【底部位】属于左侧潜伏。若今日放量阳线确认坑底，可轻仓试错，跌破坑底止损。"
603333,尚纬股份,"macd_water,golden_pit",2,"[macd_water]: 【强势位】DIF在水上。若股价回踩20日线企稳可低吸，MACD红柱缩短需减仓。
[golden_pit]: 【底部位】属于左侧潜伏。若今日放量阳线确认坑底，可轻仓试错，跌破坑底止损。"
000708,中信特钢,"macd_water,golden_pit",2,"[macd_water]: 【强势位】DIF在水上。若股价回踩20日线企稳可低吸，MACD红柱缩短需减仓。
[golden_pit]: 【底部位】属于左侧潜伏。若今日放量阳线确认坑底，可轻仓试错，跌破坑底止损。"
000061,农 产 品,"macd_water,golden_pit",2,"[macd_water]: 【强势位】DIF在水上。若股价回踩20日线企稳可低吸，MACD红柱缩短需减仓。
[golden_pit]: 【底部位】属于左侧潜伏。若今日放量阳线确认坑底，可轻仓试错，跌破坑底止损。"
000561,烽火电子,"macd_water,golden_pit",2,"[macd_water]: 【强势位】DIF在水上。若股价回踩20日线企稳可低吸，MACD红柱缩短需减仓。
[golden_pit]: 【底部位】属于左侧潜伏。若今日放量阳线确认坑底，可轻仓试错，跌破坑底止损。"
600230,沧州大化,"macd_water,golden_pit",2,"[macd_water]: 【强势位】DIF在水上。若股价回踩20日线企稳可低吸，MACD红柱缩短需减仓。
[golden_pit]: 【底部位】属于左侧潜伏。若今日放量阳线确认坑底，可轻仓试错，跌破坑底止损。"
600523,贵航股份,"macd_water,golden_pit",2,"[macd_water]: 【强势位】DIF在水上。若股价回踩20日线企稳可低吸，MACD红柱缩短需减仓。
[golden_pit]: 【底部位】属于左侧潜伏。若今日放量阳线确认坑底，可轻仓试错，跌破坑底止损。"
000821,京山轻机,"macd_water,golden_pit",2,"[macd_water]: 【强势位】DIF在水上。若股价回踩20日线企稳可低吸，MACD红柱缩短需减仓。
[golden_pit]: 【底部位】属于左侧潜伏。若今日放量阳线确认坑底，可轻仓试错，跌破坑底止损。"
688469,芯联集成,"macd_water,golden_pit",2,"[macd_water]: 【强势位】DIF在水上。若股价回踩20日线企稳可低吸，MACD红柱缩短需减仓。
[golden_pit]: 【底部位】属于左侧潜伏。若今日放量阳线确认坑底，可轻仓试错，跌破坑底止损。"
600319,亚星化学,"macd_water,golden_pit",2,"[macd_water]: 【强势位】DIF在水上。若股价回踩20日线企稳可低吸，MACD红柱缩短需减仓。
[golden_pit]: 【底部位】属于左侧潜伏。若今日放量阳线确认坑底，可轻仓试错，跌破坑底止损。"
600382,广东明珠,"macd_water,golden_pit",2,"[macd_water]: 【强势位】DIF在水上。若股价回踩20日线企稳可低吸，MACD红柱缩短需减仓。
[golden_pit]: 【底部位】属于左侧潜伏。若今日放量阳线确认坑底，可轻仓试错，跌破坑底止损。"
600596,新安股份,"macd_water,golden_pit",2,"[macd_water]: 【强势位】DIF在水上。若股价回踩20日线企稳可低吸，MACD红柱缩短需减仓。
[golden_pit]: 【底部位】属于左侧潜伏。若今日放量阳线确认坑底，可轻仓试错，跌破坑底止损。"
600029,南方航空,"macd_water,golden_pit",2,"[macd_water]: 【强势位】DIF在水上。若股价回踩20日线企稳可低吸，MACD红柱缩短需减仓。
[golden_pit]: 【底部位】属于左侧潜伏。若今日放量阳线确认坑底，可轻仓试错，跌破坑底止损。"
002078,太阳纸业,"macd_water,golden_pit",2,"[macd_water]: 【强势位】DIF在水上。若股价回踩20日线企稳可低吸，MACD红柱缩短需减仓。
[golden_pit]: 【底部位】属于左侧潜伏。若今日放量阳线确认坑底，可轻仓试错，跌破坑底止损。"
600295,鄂尔多斯,"macd_water,golden_pit",2,"[macd_water]: 【强势位】DIF在水上。若股价回踩20日线企稳可低吸，MACD红柱缩短需减仓。
[golden_pit]: 【底部位】属于左侧潜伏。若今日放量阳线确认坑底，可轻仓试错，跌破坑底止损。"
600435,北方导航,"macd_water,golden_pit",2,"[macd_water]: 【强势位】DIF在水上。若股价回踩20日线企稳可低吸，MACD红柱缩短需减仓。
[golden_pit]: 【底部位】属于左侧潜伏。若今日放量阳线确认坑底，可轻仓试错，跌破坑底止损。"
000881,中广核技,"macd_water,golden_pit",2,"[macd_water]: 【强势位】DIF在水上。若股价回踩20日线企稳可低吸，MACD红柱缩短需减仓。
[golden_pit]: 【底部位】属于左侧潜伏。若今日放量阳线确认坑底，可轻仓试错，跌破坑底止损。"
601577,长沙银行,macd_water,1,[macd_water]: 【强势位】DIF在水上。若股价回踩20日线企稳可低吸，MACD红柱缩短需减仓。
601528,瑞丰银行,golden_pit,1,[golden_pit]: 【底部位】属于左侧潜伏。若今日放量阳线确认坑底，可轻仓试错，跌破坑底止损。
601512,中新集团,golden_pit,1,[golden_pit]: 【底部位】属于左侧潜伏。若今日放量阳线确认坑底，可轻仓试错，跌破坑底止损。
600513,联环药业,golden_pit,1,[golden_pit]: 【底部位】属于左侧潜伏。若今日放量阳线确认坑底，可轻仓试错，跌破坑底止损。
601600,中国铝业,macd_water,1,[macd_water]: 【强势位】DIF在水上。若股价回踩20日线企稳可低吸，MACD红柱缩短需减仓。
600517,国网英大,golden_pit,1,[golden_pit]: 【底部位】属于左侧潜伏。若今日放量阳线确认坑底，可轻仓试错，跌破坑底止损。
600571,信雅达,golden_pit,1,[golden_pit]: 【底部位】属于左侧潜伏。若今日放量阳线确认坑底，可轻仓试错，跌破坑底止损。
601212,白银有色,macd_water,1,[macd_water]: 【强势位】DIF在水上。若股价回踩20日线企稳可低吸，MACD红柱缩短需减仓。
600528,中铁工业,golden_pit,1,[golden_pit]: 【底部位】属于左侧潜伏。若今日放量阳线确认坑底，可轻仓试错，跌破坑底止损。
601177,杭齿前进,golden_pit,1,[golden_pit]: 【底部位】属于左侧潜伏。若今日放量阳线确认坑底，可轻仓试错，跌破坑底止损。
601121,宝地矿业,golden_pit,1,[golden_pit]: 【底部位】属于左侧潜伏。若今日放量阳线确认坑底，可轻仓试错，跌破坑底止损。
600577,精达股份,macd_water,1,[macd_water]: 【强势位】DIF在水上。若股价回踩20日线企稳可低吸，MACD红柱缩短需减仓。
600416,湘电股份,golden_pit,1,[golden_pit]: 【底部位】属于左侧潜伏。若今日放量阳线确认坑底，可轻仓试错，跌破坑底止损。
603045,福达合金,golden_pit,1,[golden_pit]: 【底部位】属于左侧潜伏。若今日放量阳线确认坑底，可轻仓试错，跌破坑底止损。
603038,华立股份,golden_pit,1,[golden_pit]: 【底部位】属于左侧潜伏。若今日放量阳线确认坑底，可轻仓试错，跌破坑底止损。
603027,千禾味业,golden_pit,1,[golden_pit]: 【底部位】属于左侧潜伏。若今日放量阳线确认坑底，可轻仓试错，跌破坑底止损。
600446,金证股份,golden_pit,1,[golden_pit]: 【底部位】属于左侧潜伏。若今日放量阳线确认坑底，可轻仓试错，跌破坑底止损。
603020,爱普股份,golden_pit,1,[golden_pit]: 【底部位】属于左侧潜伏。若今日放量阳线确认坑底，可轻仓试错，跌破坑底止损。
603017,中衡设计,macd_water,1,[macd_water]: 【强势位】DIF在水上。若股价回踩20日线企稳可低吸，MACD红柱缩短需减仓。
603015,弘讯科技,macd_water,1,[macd_water]: 【强势位】DIF在水上。若股价回踩20日线企稳可低吸，MACD红柱缩短需减仓。
603002,宏昌电子,macd_water,1,[macd_water]: 【强势位】DIF在水上。若股价回踩20日线企稳可低吸，MACD红柱缩短需减仓。
601789,宁波建工,golden_pit,1,[golden_pit]: 【底部位】属于左侧潜伏。若今日放量阳线确认坑底，可轻仓试错，跌破坑底止损。
601968,宝钢包装,golden_pit,1,[golden_pit]: 【底部位】属于左侧潜伏。若今日放量阳线确认坑底，可轻仓试错，跌破坑底止损。
601939,建设银行,golden_pit,1,[golden_pit]: 【底部位】属于左侧潜伏。若今日放量阳线确认坑底，可轻仓试错，跌破坑底止损。
600480,凌云股份,golden_pit,1,[golden_pit]: 【底部位】属于左侧潜伏。若今日放量阳线确认坑底，可轻仓试错，跌破坑底止损。
601882,海天精工,golden_pit,1,[golden_pit]: 【底部位】属于左侧潜伏。若今日放量阳线确认坑底，可轻仓试错，跌破坑底止损。
600493,凤竹纺织,macd_water,1,[macd_water]: 【强势位】DIF在水上。若股价回踩20日线企稳可低吸，MACD红柱缩短需减仓。
601061,中信金属,macd_water,1,[macd_water]: 【强势位】DIF在水上。若股价回踩20日线企稳可低吸，MACD红柱缩短需减仓。
601777,千里科技,golden_pit,1,[golden_pit]: 【底部位】属于左侧潜伏。若今日放量阳线确认坑底，可轻仓试错，跌破坑底止损。
600507,方大特钢,golden_pit,1,[golden_pit]: 【底部位】属于左侧潜伏。若今日放量阳线确认坑底，可轻仓试错，跌破坑底止损。
601700,风范股份,macd_water,1,[macd_water]: 【强势位】DIF在水上。若股价回踩20日线企稳可低吸，MACD红柱缩短需减仓。
601969,海南矿业,macd_water,1,[macd_water]: 【强势位】DIF在水上。若股价回踩20日线企稳可低吸，MACD红柱缩短需减仓。
603070,万控智造,golden_pit,1,[golden_pit]: 【底部位】属于左侧潜伏。若今日放量阳线确认坑底，可轻仓试错，跌破坑底止损。
600847,万里股份,golden_pit,1,[golden_pit]: 【底部位】属于左侧潜伏。若今日放量阳线确认坑底，可轻仓试错，跌破坑底止损。
600635,大众公用,golden_pit,1,[golden_pit]: 【底部位】属于左侧潜伏。若今日放量阳线确认坑底，可轻仓试错，跌破坑底止损。
600637,东方明珠,golden_pit,1,[golden_pit]: 【底部位】属于左侧潜伏。若今日放量阳线确认坑底，可轻仓试错，跌破坑底止损。
600641,万业企业,golden_pit,1,[golden_pit]: 【底部位】属于左侧潜伏。若今日放量阳线确认坑底，可轻仓试错，跌破坑底止损。
600839,四川长虹,golden_pit,1,[golden_pit]: 【底部位】属于左侧潜伏。若今日放量阳线确认坑底，可轻仓试错，跌破坑底止损。
600830,香溢融通,golden_pit,1,[golden_pit]: 【底部位】属于左侧潜伏。若今日放量阳线确认坑底，可轻仓试错，跌破坑底止损。
600819,耀皮玻璃,golden_pit,1,[golden_pit]: 【底部位】属于左侧潜伏。若今日放量阳线确认坑底，可轻仓试错，跌破坑底止损。
600810,神马股份,golden_pit,1,[golden_pit]: 【底部位】属于左侧潜伏。若今日放量阳线确认坑底，可轻仓试错，跌破坑底止损。
601003,柳钢股份,golden_pit,1,[golden_pit]: 【底部位】属于左侧潜伏。若今日放量阳线确认坑底，可轻仓试错，跌破坑底止损。
600783,鲁信创投,macd_water,1,[macd_water]: 【强势位】DIF在水上。若股价回踩20日线企稳可低吸，MACD红柱缩短需减仓。
600671,天目药业,golden_pit,1,[golden_pit]: 【底部位】属于左侧潜伏。若今日放量阳线确认坑底，可轻仓试错，跌破坑底止损。
600676,交运股份,golden_pit,1,[golden_pit]: 【底部位】属于左侧潜伏。若今日放量阳线确认坑底，可轻仓试错，跌破坑底止损。
600736,苏州高新,macd_water,1,[macd_water]: 【强势位】DIF在水上。若股价回踩20日线企稳可低吸，MACD红柱缩短需减仓。
600721,百花医药,macd_water,1,[macd_water]: 【强势位】DIF在水上。若股价回踩20日线企稳可低吸，MACD红柱缩短需减仓。
600719,大连热电,golden_pit,1,[golden_pit]: 【底部位】属于左侧潜伏。若今日放量阳线确认坑底，可轻仓试错，跌破坑底止损。
600698,湖南天雁,golden_pit,1,[golden_pit]: 【底部位】属于左侧潜伏。若今日放量阳线确认坑底，可轻仓试错，跌破坑底止损。
600703,三安光电,golden_pit,1,[golden_pit]: 【底部位】属于左侧潜伏。若今日放量阳线确认坑底，可轻仓试错，跌破坑底止损。
600707,彩虹股份,golden_pit,1,[golden_pit]: 【底部位】属于左侧潜伏。若今日放量阳线确认坑底，可轻仓试错，跌破坑底止损。
600658,电子城,golden_pit,1,[golden_pit]: 【底部位】属于左侧潜伏。若今日放量阳线确认坑底，可轻仓试错，跌破坑底止损。
601038,一拖股份,golden_pit,1,[golden_pit]: 【底部位】属于左侧潜伏。若今日放量阳线确认坑底，可轻仓试错，跌破坑底止损。
600586,金晶科技,macd_water,1,[macd_water]: 【强势位】DIF在水上。若股价回踩20日线企稳可低吸，MACD红柱缩短需减仓。
601026,道生天合,golden_pit,1,[golden_pit]: 【底部位】属于左侧潜伏。若今日放量阳线确认坑底，可轻仓试错，跌破坑底止损。
600590,泰豪科技,golden_pit,1,[golden_pit]: 【底部位】属于左侧潜伏。若今日放量阳线确认坑底，可轻仓试错，跌破坑底止损。
600973,宝胜股份,macd_water,1,[macd_water]: 【强势位】DIF在水上。若股价回踩20日线企稳可低吸，MACD红柱缩短需减仓。
600970,中材国际,golden_pit,1,[golden_pit]: 【底部位】属于左侧潜伏。若今日放量阳线确认坑底，可轻仓试错，跌破坑底止损。
600967,内蒙一机,golden_pit,1,[golden_pit]: 【底部位】属于左侧潜伏。若今日放量阳线确认坑底，可轻仓试错，跌破坑底止损。
600966,博汇纸业,macd_water,1,[macd_water]: 【强势位】DIF在水上。若股价回踩20日线企稳可低吸，MACD红柱缩短需减仓。
600965,福成股份,macd_water,1,[macd_water]: 【强势位】DIF在水上。若股价回踩20日线企稳可低吸，MACD红柱缩短需减仓。
600877,电科芯片,macd_water,1,[macd_water]: 【强势位】DIF在水上。若股价回踩20日线企稳可低吸，MACD红柱缩短需减仓。
600955,维远股份,macd_water,1,[macd_water]: 【强势位】DIF在水上。若股价回踩20日线企稳可低吸，MACD红柱缩短需减仓。
600602,云赛智联,golden_pit,1,[golden_pit]: 【底部位】属于左侧潜伏。若今日放量阳线确认坑底，可轻仓试错，跌破坑底止损。
600604,市北高新,golden_pit,1,[golden_pit]: 【底部位】属于左侧潜伏。若今日放量阳线确认坑底，可轻仓试错，跌破坑底止损。
600610,中毅达,golden_pit,1,[golden_pit]: 【底部位】属于左侧潜伏。若今日放量阳线确认坑底，可轻仓试错，跌破坑底止损。
600615,鑫源智造,golden_pit,1,[golden_pit]: 【底部位】属于左侧潜伏。若今日放量阳线确认坑底，可轻仓试错，跌破坑底止损。
600620,天宸股份,macd_water,1,[macd_water]: 【强势位】DIF在水上。若股价回踩20日线企稳可低吸，MACD红柱缩短需减仓。
600909,华安证券,macd_water,1,[macd_water]: 【强势位】DIF在水上。若股价回踩20日线企稳可低吸，MACD红柱缩短需减仓。
600889,南京化纤,macd_water,1,[macd_water]: 【强势位】DIF在水上。若股价回踩20日线企稳可低吸，MACD红柱缩短需减仓。
600629,华建集团,golden_pit,1,[golden_pit]: 【底部位】属于左侧潜伏。若今日放量阳线确认坑底，可轻仓试错，跌破坑底止损。
600958,东方证券,macd_water,1,[macd_water]: 【强势位】DIF在水上。若股价回踩20日线企稳可低吸，MACD红柱缩短需减仓。
688512,慧智微,golden_pit,1,[golden_pit]: 【底部位】属于左侧潜伏。若今日放量阳线确认坑底，可轻仓试错，跌破坑底止损。
688485,九州一轨,macd_water,1,[macd_water]: 【强势位】DIF在水上。若股价回踩20日线企稳可低吸，MACD红柱缩短需减仓。
688479,友车科技,golden_pit,1,[golden_pit]: 【底部位】属于左侧潜伏。若今日放量阳线确认坑底，可轻仓试错，跌破坑底止损。
000407,胜利股份,macd_water,1,[macd_water]: 【强势位】DIF在水上。若股价回踩20日线企稳可低吸，MACD红柱缩短需减仓。
688009,中国通号,golden_pit,1,[golden_pit]: 【底部位】属于左侧潜伏。若今日放量阳线确认坑底，可轻仓试错，跌破坑底止损。
605500,森林包装,golden_pit,1,[golden_pit]: 【底部位】属于左侧潜伏。若今日放量阳线确认坑底，可轻仓试错，跌破坑底止损。
605228,神通科技,golden_pit,1,[golden_pit]: 【底部位】属于左侧潜伏。若今日放量阳线确认坑底，可轻仓试错，跌破坑底止损。
605208,永茂泰,golden_pit,1,[golden_pit]: 【底部位】属于左侧潜伏。若今日放量阳线确认坑底，可轻仓试错，跌破坑底止损。
605189,富春染织,golden_pit,1,[golden_pit]: 【底部位】属于左侧潜伏。若今日放量阳线确认坑底，可轻仓试错，跌破坑底止损。
605183,确成股份,golden_pit,1,[golden_pit]: 【底部位】属于左侧潜伏。若今日放量阳线确认坑底，可轻仓试错，跌破坑底止损。
605166,聚合顺,golden_pit,1,[golden_pit]: 【底部位】属于左侧潜伏。若今日放量阳线确认坑底，可轻仓试错，跌破坑底止损。
603187,海容冷链,golden_pit,1,[golden_pit]: 【底部位】属于左侧潜伏。若今日放量阳线确认坑底，可轻仓试错，跌破坑底止损。
605055,迎丰股份,macd_water,1,[macd_water]: 【强势位】DIF在水上。若股价回踩20日线企稳可低吸，MACD红柱缩短需减仓。
605018,长华集团,golden_pit,1,[golden_pit]: 【底部位】属于左侧潜伏。若今日放量阳线确认坑底，可轻仓试错，跌破坑底止损。
605006,山东玻纤,golden_pit,1,[golden_pit]: 【底部位】属于左侧潜伏。若今日放量阳线确认坑底，可轻仓试错，跌破坑底止损。
605001,威奥股份,golden_pit,1,[golden_pit]: 【底部位】属于左侧潜伏。若今日放量阳线确认坑底，可轻仓试错，跌破坑底止损。
603989,艾华集团,golden_pit,1,[golden_pit]: 【底部位】属于左侧潜伏。若今日放量阳线确认坑底，可轻仓试错，跌破坑底止损。
603980,吉华集团,golden_pit,1,[golden_pit]: 【底部位】属于左侧潜伏。若今日放量阳线确认坑底，可轻仓试错，跌破坑底止损。
603960,克来机电,golden_pit,1,[golden_pit]: 【底部位】属于左侧潜伏。若今日放量阳线确认坑底，可轻仓试错，跌破坑底止损。
603949,雪龙集团,golden_pit,1,[golden_pit]: 【底部位】属于左侧潜伏。若今日放量阳线确认坑底，可轻仓试错，跌破坑底止损。
603937,丽岛新材,golden_pit,1,[golden_pit]: 【底部位】属于左侧潜伏。若今日放量阳线确认坑底，可轻仓试错，跌破坑底止损。
603936,博敏电子,macd_water,1,[macd_water]: 【强势位】DIF在水上。若股价回踩20日线企稳可低吸，MACD红柱缩短需减仓。
603922,金鸿顺,golden_pit,1,[golden_pit]: 【底部位】属于左侧潜伏。若今日放量阳线确认坑底，可轻仓试错，跌破坑底止损。
605069,正和生态,macd_water,1,[macd_water]: 【强势位】DIF在水上。若股价回踩20日线企稳可低吸，MACD红柱缩短需减仓。
000636,风华高科,golden_pit,1,[golden_pit]: 【底部位】属于左侧潜伏。若今日放量阳线确认坑底，可轻仓试错，跌破坑底止损。
000630,铜陵有色,macd_water,1,[macd_water]: 【强势位】DIF在水上。若股价回踩20日线企稳可低吸，MACD红柱缩短需减仓。
000617,中油资本,golden_pit,1,[golden_pit]: 【底部位】属于左侧潜伏。若今日放量阳线确认坑底，可轻仓试错，跌破坑底止损。
000612,焦作万方,macd_water,1,[macd_water]: 【强势位】DIF在水上。若股价回踩20日线企稳可低吸，MACD红柱缩短需减仓。
000599,青岛双星,golden_pit,1,[golden_pit]: 【底部位】属于左侧潜伏。若今日放量阳线确认坑底，可轻仓试错，跌破坑底止损。
000593,德龙汇能,macd_water,1,[macd_water]: 【强势位】DIF在水上。若股价回踩20日线企稳可低吸，MACD红柱缩短需减仓。
000589,贵州轮胎,macd_water,1,[macd_water]: 【强势位】DIF在水上。若股价回踩20日线企稳可低吸，MACD红柱缩短需减仓。
000576,甘化科工,golden_pit,1,[golden_pit]: 【底部位】属于左侧潜伏。若今日放量阳线确认坑底，可轻仓试错，跌破坑底止损。
000554,泰山石油,golden_pit,1,[golden_pit]: 【底部位】属于左侧潜伏。若今日放量阳线确认坑底，可轻仓试错，跌破坑底止损。
000550,江铃汽车,golden_pit,1,[golden_pit]: 【底部位】属于左侧潜伏。若今日放量阳线确认坑底，可轻仓试错，跌破坑底止损。
000519,中兵红箭,golden_pit,1,[golden_pit]: 【底部位】属于左侧潜伏。若今日放量阳线确认坑底，可轻仓试错，跌破坑底止损。
688529,豪森智能,golden_pit,1,[golden_pit]: 【底部位】属于左侧潜伏。若今日放量阳线确认坑底，可轻仓试错，跌破坑底止损。
000505,京粮控股,macd_water,1,[macd_water]: 【强势位】DIF在水上。若股价回踩20日线企稳可低吸，MACD红柱缩短需减仓。
688021,奥福科技,golden_pit,1,[golden_pit]: 【底部位】属于左侧潜伏。若今日放量阳线确认坑底，可轻仓试错，跌破坑底止损。
000680,山推股份,macd_water,1,[macd_water]: 【强势位】DIF在水上。若股价回踩20日线企稳可低吸，MACD红柱缩短需减仓。
688681,科汇股份,golden_pit,1,[golden_pit]: 【底部位】属于左侧潜伏。若今日放量阳线确认坑底，可轻仓试错，跌破坑底止损。
688659,元琛科技,golden_pit,1,[golden_pit]: 【底部位】属于左侧潜伏。若今日放量阳线确认坑底，可轻仓试错，跌破坑底止损。
688619,罗普特,golden_pit,1,[golden_pit]: 【底部位】属于左侧潜伏。若今日放量阳线确认坑底，可轻仓试错，跌破坑底止损。
688616,西力科技,golden_pit,1,[golden_pit]: 【底部位】属于左侧潜伏。若今日放量阳线确认坑底，可轻仓试错，跌破坑底止损。
688609,九联科技,golden_pit,1,[golden_pit]: 【底部位】属于左侧潜伏。若今日放量阳线确认坑底，可轻仓试错，跌破坑底止损。
688590,新致软件,golden_pit,1,[golden_pit]: 【底部位】属于左侧潜伏。若今日放量阳线确认坑底，可轻仓试错，跌破坑底止损。
688571,杭华股份,golden_pit,1,[golden_pit]: 【底部位】属于左侧潜伏。若今日放量阳线确认坑底，可轻仓试错，跌破坑底止损。
688556,高测股份,golden_pit,1,[golden_pit]: 【底部位】属于左侧潜伏。若今日放量阳线确认坑底，可轻仓试错，跌破坑底止损。
688530,欧莱新材,golden_pit,1,[golden_pit]: 【底部位】属于左侧潜伏。若今日放量阳线确认坑底，可轻仓试错，跌破坑底止损。
000510,新金路,macd_water,1,[macd_water]: 【强势位】DIF在水上。若股价回踩20日线企稳可低吸，MACD红柱缩短需减仓。
603311,金海高科,macd_water,1,[macd_water]: 【强势位】DIF在水上。若股价回踩20日线企稳可低吸，MACD红柱缩短需减仓。
603305,旭升集团,macd_water,1,[macd_water]: 【强势位】DIF在水上。若股价回踩20日线企稳可低吸，MACD红柱缩短需减仓。
603289,泰瑞机器,golden_pit,1,[golden_pit]: 【底部位】属于左侧潜伏。若今日放量阳线确认坑底，可轻仓试错，跌破坑底止损。
603282,亚光股份,golden_pit,1,[golden_pit]: 【底部位】属于左侧潜伏。若今日放量阳线确认坑底，可轻仓试错，跌破坑底止损。
603279,景津装备,golden_pit,1,[golden_pit]: 【底部位】属于左侧潜伏。若今日放量阳线确认坑底，可轻仓试错，跌破坑底止损。
603278,大业股份,macd_water,1,[macd_water]: 【强势位】DIF在水上。若股价回踩20日线企稳可低吸，MACD红柱缩短需减仓。
603276,恒兴新材,golden_pit,1,[golden_pit]: 【底部位】属于左侧潜伏。若今日放量阳线确认坑底，可轻仓试错，跌破坑底止损。
603219,富佳股份,golden_pit,1,[golden_pit]: 【底部位】属于左侧潜伏。若今日放量阳线确认坑底，可轻仓试错，跌破坑底止损。
603218,日月股份,golden_pit,1,[golden_pit]: 【底部位】属于左侧潜伏。若今日放量阳线确认坑底，可轻仓试错，跌破坑底止损。
603201,XD常润股,golden_pit,1,[golden_pit]: 【底部位】属于左侧潜伏。若今日放量阳线确认坑底，可轻仓试错，跌破坑底止损。
600410,华胜天成,golden_pit,1,[golden_pit]: 【底部位】属于左侧潜伏。若今日放量阳线确认坑底，可轻仓试错，跌破坑底止损。
603918,金桥信息,golden_pit,1,[golden_pit]: 【底部位】属于左侧潜伏。若今日放量阳线确认坑底，可轻仓试错，跌破坑底止损。
603172,万丰股份,golden_pit,1,[golden_pit]: 【底部位】属于左侧潜伏。若今日放量阳线确认坑底，可轻仓试错，跌破坑底止损。
603166,福达股份,golden_pit,1,[golden_pit]: 【底部位】属于左侧潜伏。若今日放量阳线确认坑底，可轻仓试错，跌破坑底止损。
603158,腾龙股份,golden_pit,1,[golden_pit]: 【底部位】属于左侧潜伏。若今日放量阳线确认坑底，可轻仓试错，跌破坑底止损。
603138,海量数据,golden_pit,1,[golden_pit]: 【底部位】属于左侧潜伏。若今日放量阳线确认坑底，可轻仓试错，跌破坑底止损。
603123,翠微股份,macd_water,1,[macd_water]: 【强势位】DIF在水上。若股价回踩20日线企稳可低吸，MACD红柱缩短需减仓。
603118,共进股份,golden_pit,1,[golden_pit]: 【底部位】属于左侧潜伏。若今日放量阳线确认坑底，可轻仓试错，跌破坑底止损。
603112,华翔股份,golden_pit,1,[golden_pit]: 【底部位】属于左侧潜伏。若今日放量阳线确认坑底，可轻仓试错，跌破坑底止损。
603110,东方材料,golden_pit,1,[golden_pit]: 【底部位】属于左侧潜伏。若今日放量阳线确认坑底，可轻仓试错，跌破坑底止损。
603093,南华期货,golden_pit,1,[golden_pit]: 【底部位】属于左侧潜伏。若今日放量阳线确认坑底，可轻仓试错，跌破坑底止损。
603086,先达股份,golden_pit,1,[golden_pit]: 【底部位】属于左侧潜伏。若今日放量阳线确认坑底，可轻仓试错，跌破坑底止损。
603073,彩蝶实业,golden_pit,1,[golden_pit]: 【底部位】属于左侧潜伏。若今日放量阳线确认坑底，可轻仓试错，跌破坑底止损。
603178,圣龙股份,golden_pit,1,[golden_pit]: 【底部位】属于左侧潜伏。若今日放量阳线确认坑底，可轻仓试错，跌破坑底止损。
603917,合力科技,golden_pit,1,[golden_pit]: 【底部位】属于左侧潜伏。若今日放量阳线确认坑底，可轻仓试错，跌破坑底止损。
603915,国茂股份,macd_water,1,[macd_water]: 【强势位】DIF在水上。若股价回踩20日线企稳可低吸，MACD红柱缩短需减仓。
603898,好莱客,golden_pit,1,[golden_pit]: 【底部位】属于左侧潜伏。若今日放量阳线确认坑底，可轻仓试错，跌破坑底止损。
603878,武进不锈,golden_pit,1,[golden_pit]: 【底部位】属于左侧潜伏。若今日放量阳线确认坑底，可轻仓试错，跌破坑底止损。
603876,鼎胜新材,macd_water,1,[macd_water]: 【强势位】DIF在水上。若股价回踩20日线企稳可低吸，MACD红柱缩短需减仓。
603809,豪能股份,macd_water,1,[macd_water]: 【强势位】DIF在水上。若股价回踩20日线企稳可低吸，MACD红柱缩短需减仓。
603788,宁波高发,golden_pit,1,[golden_pit]: 【底部位】属于左侧潜伏。若今日放量阳线确认坑底，可轻仓试错，跌破坑底止损。
603778,国晟科技,macd_water,1,[macd_water]: 【强势位】DIF在水上。若股价回踩20日线企稳可低吸，MACD红柱缩短需减仓。
603730,岱美股份,golden_pit,1,[golden_pit]: 【底部位】属于左侧潜伏。若今日放量阳线确认坑底，可轻仓试错，跌破坑底止损。
603712,七一二,golden_pit,1,[golden_pit]: 【底部位】属于左侧潜伏。若今日放量阳线确认坑底，可轻仓试错，跌破坑底止损。
603708,家家悦,golden_pit,1,[golden_pit]: 【底部位】属于左侧潜伏。若今日放量阳线确认坑底，可轻仓试错，跌破坑底止损。
603320,迪贝电气,golden_pit,1,[golden_pit]: 【底部位】属于左侧潜伏。若今日放量阳线确认坑底，可轻仓试错，跌破坑底止损。
603680,今创集团,macd_water,1,[macd_water]: 【强势位】DIF在水上。若股价回踩20日线企稳可低吸，MACD红柱缩短需减仓。
603668,天马科技,golden_pit,1,[golden_pit]: 【底部位】属于左侧潜伏。若今日放量阳线确认坑底，可轻仓试错，跌破坑底止损。
603660,苏州科达,macd_water,1,[macd_water]: 【强势位】DIF在水上。若股价回踩20日线企稳可低吸，MACD红柱缩短需减仓。
603626,科森科技,macd_water,1,[macd_water]: 【强势位】DIF在水上。若股价回踩20日线企稳可低吸，MACD红柱缩短需减仓。
603588,高能环境,macd_water,1,[macd_water]: 【强势位】DIF在水上。若股价回踩20日线企稳可低吸，MACD红柱缩短需减仓。
603527,众源新材,golden_pit,1,[golden_pit]: 【底部位】属于左侧潜伏。若今日放量阳线确认坑底，可轻仓试错，跌破坑底止损。
603477,巨星农牧,golden_pit,1,[golden_pit]: 【底部位】属于左侧潜伏。若今日放量阳线确认坑底，可轻仓试错，跌破坑底止损。
603458,勘设股份,macd_water,1,[macd_water]: 【强势位】DIF在水上。若股价回踩20日线企稳可低吸，MACD红柱缩短需减仓。
603390,通达电气,golden_pit,1,[golden_pit]: 【底部位】属于左侧潜伏。若今日放量阳线确认坑底，可轻仓试错，跌破坑底止损。
603359,东珠生态,macd_water,1,[macd_water]: 【强势位】DIF在水上。若股价回踩20日线企稳可低吸，MACD红柱缩短需减仓。
603339,四方科技,golden_pit,1,[golden_pit]: 【底部位】属于左侧潜伏。若今日放量阳线确认坑底，可轻仓试错，跌破坑底止损。
603328,依顿电子,golden_pit,1,[golden_pit]: 【底部位】属于左侧潜伏。若今日放量阳线确认坑底，可轻仓试错，跌破坑底止损。
603682,锦和商管,macd_water,1,[macd_water]: 【强势位】DIF在水上。若股价回踩20日线企稳可低吸，MACD红柱缩短需减仓。
002206,海 利 得,golden_pit,1,[golden_pit]: 【底部位】属于左侧潜伏。若今日放量阳线确认坑底，可轻仓试错，跌破坑底止损。
002205,国统股份,golden_pit,1,[golden_pit]: 【底部位】属于左侧潜伏。若今日放量阳线确认坑底，可轻仓试错，跌破坑底止损。
002202,金风科技,macd_water,1,[macd_water]: 【强势位】DIF在水上。若股价回踩20日线企稳可低吸，MACD红柱缩短需减仓。
002196,方正电机,macd_water,1,[macd_water]: 【强势位】DIF在水上。若股价回踩20日线企稳可低吸，MACD红柱缩短需减仓。
002195,岩山科技,golden_pit,1,[golden_pit]: 【底部位】属于左侧潜伏。若今日放量阳线确认坑底，可轻仓试错，跌破坑底止损。
002188,中天服务,macd_water,1,[macd_water]: 【强势位】DIF在水上。若股价回踩20日线企稳可低吸，MACD红柱缩短需减仓。
002187,广百股份,macd_water,1,[macd_water]: 【强势位】DIF在水上。若股价回踩20日线企稳可低吸，MACD红柱缩短需减仓。
002182,宝武镁业,macd_water,1,[macd_water]: 【强势位】DIF在水上。若股价回踩20日线企稳可低吸，MACD红柱缩短需减仓。
002180,纳思达,golden_pit,1,[golden_pit]: 【底部位】属于左侧潜伏。若今日放量阳线确认坑底，可轻仓试错，跌破坑底止损。
002171,楚江新材,macd_water,1,[macd_water]: 【强势位】DIF在水上。若股价回踩20日线企稳可低吸，MACD红柱缩短需减仓。
002169,智光电气,macd_water,1,[macd_water]: 【强势位】DIF在水上。若股价回踩20日线企稳可低吸，MACD红柱缩短需减仓。
600318,新力金融,golden_pit,1,[golden_pit]: 【底部位】属于左侧潜伏。若今日放量阳线确认坑底，可轻仓试错，跌破坑底止损。
002152,广电运通,golden_pit,1,[golden_pit]: 【底部位】属于左侧潜伏。若今日放量阳线确认坑底，可轻仓试错，跌破坑底止损。
002148,北纬科技,golden_pit,1,[golden_pit]: 【底部位】属于左侧潜伏。若今日放量阳线确认坑底，可轻仓试错，跌破坑底止损。
002137,实益达,golden_pit,1,[golden_pit]: 【底部位】属于左侧潜伏。若今日放量阳线确认坑底，可轻仓试错，跌破坑底止损。
002115,三维通信,macd_water,1,[macd_water]: 【强势位】DIF在水上。若股价回踩20日线企稳可低吸，MACD红柱缩短需减仓。
002101,广东鸿图,golden_pit,1,[golden_pit]: 【底部位】属于左侧潜伏。若今日放量阳线确认坑底，可轻仓试错，跌破坑底止损。
002100,天康生物,golden_pit,1,[golden_pit]: 【底部位】属于左侧潜伏。若今日放量阳线确认坑底，可轻仓试错，跌破坑底止损。
002094,青岛金王,golden_pit,1,[golden_pit]: 【底部位】属于左侧潜伏。若今日放量阳线确认坑底，可轻仓试错，跌破坑底止损。
002079,苏州固锝,golden_pit,1,[golden_pit]: 【底部位】属于左侧潜伏。若今日放量阳线确认坑底，可轻仓试错，跌破坑底止损。
002072,凯瑞德,golden_pit,1,[golden_pit]: 【底部位】属于左侧潜伏。若今日放量阳线确认坑底，可轻仓试错，跌破坑底止损。
002057,中钢天源,golden_pit,1,[golden_pit]: 【底部位】属于左侧潜伏。若今日放量阳线确认坑底，可轻仓试错，跌破坑底止损。
002041,登海种业,golden_pit,1,[golden_pit]: 【底部位】属于左侧潜伏。若今日放量阳线确认坑底，可轻仓试错，跌破坑底止损。
002161,远 望 谷,golden_pit,1,[golden_pit]: 【底部位】属于左侧潜伏。若今日放量阳线确认坑底，可轻仓试错，跌破坑底止损。
002395,双象股份,golden_pit,1,[golden_pit]: 【底部位】属于左侧潜伏。若今日放量阳线确认坑底，可轻仓试错，跌破坑底止损。
002386,天原股份,golden_pit,1,[golden_pit]: 【底部位】属于左侧潜伏。若今日放量阳线确认坑底，可轻仓试错，跌破坑底止损。
002383,合众思壮,macd_water,1,[macd_water]: 【强势位】DIF在水上。若股价回踩20日线企稳可低吸，MACD红柱缩短需减仓。
002382,蓝帆医疗,golden_pit,1,[golden_pit]: 【底部位】属于左侧潜伏。若今日放量阳线确认坑底，可轻仓试错，跌破坑底止损。
002381,双箭股份,golden_pit,1,[golden_pit]: 【底部位】属于左侧潜伏。若今日放量阳线确认坑底，可轻仓试错，跌破坑底止损。
002376,新北洋,golden_pit,1,[golden_pit]: 【底部位】属于左侧潜伏。若今日放量阳线确认坑底，可轻仓试错，跌破坑底止损。
002361,神剑股份,macd_water,1,[macd_water]: 【强势位】DIF在水上。若股价回踩20日线企稳可低吸，MACD红柱缩短需减仓。
002357,富临运业,golden_pit,1,[golden_pit]: 【底部位】属于左侧潜伏。若今日放量阳线确认坑底，可轻仓试错，跌破坑底止损。
002347,泰尔股份,macd_water,1,[macd_water]: 【强势位】DIF在水上。若股价回踩20日线企稳可低吸，MACD红柱缩短需减仓。
002346,柘中股份,macd_water,1,[macd_water]: 【强势位】DIF在水上。若股价回踩20日线企稳可低吸，MACD红柱缩短需减仓。
002345,潮宏基,golden_pit,1,[golden_pit]: 【底部位】属于左侧潜伏。若今日放量阳线确认坑底，可轻仓试错，跌破坑底止损。
002209,达 意 隆,macd_water,1,[macd_water]: 【强势位】DIF在水上。若股价回踩20日线企稳可低吸，MACD红柱缩短需减仓。
002324,普利特,macd_water,1,[macd_water]: 【强势位】DIF在水上。若股价回踩20日线企稳可低吸，MACD红柱缩短需减仓。
002297,博云新材,macd_water,1,[macd_water]: 【强势位】DIF在水上。若股价回踩20日线企稳可低吸，MACD红柱缩短需减仓。
002296,辉煌科技,golden_pit,1,[golden_pit]: 【底部位】属于左侧潜伏。若今日放量阳线确认坑底，可轻仓试错，跌破坑底止损。
002278,神开股份,macd_water,1,[macd_water]: 【强势位】DIF在水上。若股价回踩20日线企稳可低吸，MACD红柱缩短需减仓。
002272,川润股份,macd_water,1,[macd_water]: 【强势位】DIF在水上。若股价回踩20日线企稳可低吸，MACD红柱缩短需减仓。
002268,电科网安,macd_water,1,[macd_water]: 【强势位】DIF在水上。若股价回踩20日线企稳可低吸，MACD红柱缩短需减仓。
002254,泰和新材,golden_pit,1,[golden_pit]: 【底部位】属于左侧潜伏。若今日放量阳线确认坑底，可轻仓试错，跌破坑底止损。
002246,北化股份,golden_pit,1,[golden_pit]: 【底部位】属于左侧潜伏。若今日放量阳线确认坑底，可轻仓试错，跌破坑底止损。
002243,力合科创,macd_water,1,[macd_water]: 【强势位】DIF在水上。若股价回踩20日线企稳可低吸，MACD红柱缩短需减仓。
002237,恒邦股份,golden_pit,1,[golden_pit]: 【底部位】属于左侧潜伏。若今日放量阳线确认坑底，可轻仓试错，跌破坑底止损。
002221,东华能源,golden_pit,1,[golden_pit]: 【底部位】属于左侧潜伏。若今日放量阳线确认坑底，可轻仓试错，跌破坑底止损。
002212,天融信,golden_pit,1,[golden_pit]: 【底部位】属于左侧潜伏。若今日放量阳线确认坑底，可轻仓试错，跌破坑底止损。
002337,赛象科技,macd_water,1,[macd_water]: 【强势位】DIF在水上。若股价回踩20日线企稳可低吸，MACD红柱缩短需减仓。
000686,东北证券,macd_water,1,[macd_water]: 【强势位】DIF在水上。若股价回踩20日线企稳可低吸，MACD红柱缩短需减仓。
000409,云鼎科技,golden_pit,1,[golden_pit]: 【底部位】属于左侧潜伏。若今日放量阳线确认坑底，可轻仓试错，跌破坑底止损。
688306,均普智能,golden_pit,1,[golden_pit]: 【底部位】属于左侧潜伏。若今日放量阳线确认坑底，可轻仓试错，跌破坑底止损。
688277,天智航,golden_pit,1,[golden_pit]: 【底部位】属于左侧潜伏。若今日放量阳线确认坑底，可轻仓试错，跌破坑底止损。
688225,亚信安全,golden_pit,1,[golden_pit]: 【底部位】属于左侧潜伏。若今日放量阳线确认坑底，可轻仓试错，跌破坑底止损。
688219,会通股份,golden_pit,1,[golden_pit]: 【底部位】属于左侧潜伏。若今日放量阳线确认坑底，可轻仓试错，跌破坑底止损。
688203,海正生材,golden_pit,1,[golden_pit]: 【底部位】属于左侧潜伏。若今日放量阳线确认坑底，可轻仓试错，跌破坑底止损。
688201,信安世纪,golden_pit,1,[golden_pit]: 【底部位】属于左侧潜伏。若今日放量阳线确认坑底，可轻仓试错，跌破坑底止损。
688176,亚虹医药,macd_water,1,[macd_water]: 【强势位】DIF在水上。若股价回踩20日线企稳可低吸，MACD红柱缩短需减仓。
688119,中钢洛耐,macd_water,1,[macd_water]: 【强势位】DIF在水上。若股价回踩20日线企稳可低吸，MACD红柱缩短需减仓。
688096,京源环保,golden_pit,1,[golden_pit]: 【底部位】属于左侧潜伏。若今日放量阳线确认坑底，可轻仓试错，跌破坑底止损。
002037,保利联合,golden_pit,1,[golden_pit]: 【底部位】属于左侧潜伏。若今日放量阳线确认坑底，可轻仓试错，跌破坑底止损。
688038,中科通达,golden_pit,1,[golden_pit]: 【底部位】属于左侧潜伏。若今日放量阳线确认坑底，可轻仓试错，跌破坑底止损。
688033,天宜新材,macd_water,1,[macd_water]: 【强势位】DIF在水上。若股价回踩20日线企稳可低吸，MACD红柱缩短需减仓。
688030,山石网科,golden_pit,1,[golden_pit]: 【底部位】属于左侧潜伏。若今日放量阳线确认坑底，可轻仓试错，跌破坑底止损。
688026,洁特生物,golden_pit,1,[golden_pit]: 【底部位】属于左侧潜伏。若今日放量阳线确认坑底，可轻仓试错，跌破坑底止损。
688387,信科移动,macd_water,1,[macd_water]: 【强势位】DIF在水上。若股价回踩20日线企稳可低吸，MACD红柱缩短需减仓。
000301,东方盛虹,macd_water,1,[macd_water]: 【强势位】DIF在水上。若股价回踩20日线企稳可低吸，MACD红柱缩短需减仓。
000159,国际实业,golden_pit,1,[golden_pit]: 【底部位】属于左侧潜伏。若今日放量阳线确认坑底，可轻仓试错，跌破坑底止损。
000060,中金岭南,macd_water,1,[macd_water]: 【强势位】DIF在水上。若股价回踩20日线企稳可低吸，MACD红柱缩短需减仓。
000058,深 赛 格,golden_pit,1,[golden_pit]: 【底部位】属于左侧潜伏。若今日放量阳线确认坑底，可轻仓试错，跌破坑底止损。
000045,深纺织Ａ,golden_pit,1,[golden_pit]: 【底部位】属于左侧潜伏。若今日放量阳线确认坑底，可轻仓试错，跌破坑底止损。
688722,同益中,macd_water,1,[macd_water]: 【强势位】DIF在水上。若股价回踩20日线企稳可低吸，MACD红柱缩短需减仓。
000425,徐工机械,golden_pit,1,[golden_pit]: 【底部位】属于左侧潜伏。若今日放量阳线确认坑底，可轻仓试错，跌破坑底止损。
688046,药康生物,golden_pit,1,[golden_pit]: 【底部位】属于左侧潜伏。若今日放量阳线确认坑底，可轻仓试错，跌破坑底止损。
002026,山东威达,golden_pit,1,[golden_pit]: 【底部位】属于左侧潜伏。若今日放量阳线确认坑底，可轻仓试错，跌破坑底止损。
002015,协鑫能科,golden_pit,1,[golden_pit]: 【底部位】属于左侧潜伏。若今日放量阳线确认坑底，可轻仓试错，跌破坑底止损。
001366,播恩集团,golden_pit,1,[golden_pit]: 【底部位】属于左侧潜伏。若今日放量阳线确认坑底，可轻仓试错，跌破坑底止损。
001236,弘业期货,golden_pit,1,[golden_pit]: 【底部位】属于左侧潜伏。若今日放量阳线确认坑底，可轻仓试错，跌破坑底止损。
001217,华尔泰,macd_water,1,[macd_water]: 【强势位】DIF在水上。若股价回踩20日线企稳可低吸，MACD红柱缩短需减仓。
001210,金房能源,golden_pit,1,[golden_pit]: 【底部位】属于左侧潜伏。若今日放量阳线确认坑底，可轻仓试错，跌破坑底止损。
001202,炬申股份,golden_pit,1,[golden_pit]: 【底部位】属于左侧潜伏。若今日放量阳线确认坑底，可轻仓试错，跌破坑底止损。
000973,佛塑科技,macd_water,1,[macd_water]: 【强势位】DIF在水上。若股价回踩20日线企稳可低吸，MACD红柱缩短需减仓。
000948,南天信息,golden_pit,1,[golden_pit]: 【底部位】属于左侧潜伏。若今日放量阳线确认坑底，可轻仓试错，跌破坑底止损。
000936,华西股份,macd_water,1,[macd_water]: 【强势位】DIF在水上。若股价回踩20日线企稳可低吸，MACD红柱缩短需减仓。
000925,众合科技,macd_water,1,[macd_water]: 【强势位】DIF在水上。若股价回踩20日线企稳可低吸，MACD红柱缩短需减仓。
000700,模塑科技,macd_water,1,[macd_water]: 【强势位】DIF在水上。若股价回踩20日线企稳可低吸，MACD红柱缩短需减仓。
000917,电广传媒,macd_water,1,[macd_water]: 【强势位】DIF在水上。若股价回踩20日线企稳可低吸，MACD红柱缩短需减仓。
000905,厦门港务,macd_water,1,[macd_water]: 【强势位】DIF在水上。若股价回踩20日线企稳可低吸，MACD红柱缩短需减仓。
000878,云南铜业,macd_water,1,[macd_water]: 【强势位】DIF在水上。若股价回踩20日线企稳可低吸，MACD红柱缩短需减仓。
000863,三湘印象,macd_water,1,[macd_water]: 【强势位】DIF在水上。若股价回踩20日线企稳可低吸，MACD红柱缩短需减仓。
000856,冀东装备,golden_pit,1,[golden_pit]: 【底部位】属于左侧潜伏。若今日放量阳线确认坑底，可轻仓试错，跌破坑底止损。
000850,华茂股份,macd_water,1,[macd_water]: 【强势位】DIF在水上。若股价回踩20日线企稳可低吸，MACD红柱缩短需减仓。
000837,秦川机床,golden_pit,1,[golden_pit]: 【底部位】属于左侧潜伏。若今日放量阳线确认坑底，可轻仓试错，跌破坑底止损。
000822,山东海化,golden_pit,1,[golden_pit]: 【底部位】属于左侧潜伏。若今日放量阳线确认坑底，可轻仓试错，跌破坑底止损。
000815,美利云,golden_pit,1,[golden_pit]: 【底部位】属于左侧潜伏。若今日放量阳线确认坑底，可轻仓试错，跌破坑底止损。
000811,冰轮环境,macd_water,1,[macd_water]: 【强势位】DIF在水上。若股价回踩20日线企稳可低吸，MACD红柱缩短需减仓。
000810,创维数字,golden_pit,1,[golden_pit]: 【底部位】属于左侧潜伏。若今日放量阳线确认坑底，可轻仓试错，跌破坑底止损。
000703,恒逸石化,macd_water,1,[macd_water]: 【强势位】DIF在水上。若股价回踩20日线企稳可低吸，MACD红柱缩短需减仓。
000922,佳电股份,macd_water,1,[macd_water]: 【强势位】DIF在水上。若股价回踩20日线企稳可低吸，MACD红柱缩短需减仓。
600064,南京高科,golden_pit,1,[golden_pit]: 【底部位】属于左侧潜伏。若今日放量阳线确认坑底，可轻仓试错，跌破坑底止损。
600058,五矿发展,macd_water,1,[macd_water]: 【强势位】DIF在水上。若股价回踩20日线企稳可低吸，MACD红柱缩短需减仓。
600051,宁波联合,golden_pit,1,[golden_pit]: 【底部位】属于左侧潜伏。若今日放量阳线确认坑底，可轻仓试错，跌破坑底止损。
600028,中国石化,golden_pit,1,[golden_pit]: 【底部位】属于左侧潜伏。若今日放量阳线确认坑底，可轻仓试错，跌破坑底止损。
600026,中远海能,golden_pit,1,[golden_pit]: 【底部位】属于左侧潜伏。若今日放量阳线确认坑底，可轻仓试错，跌破坑底止损。
600019,宝钢股份,golden_pit,1,[golden_pit]: 【底部位】属于左侧潜伏。若今日放量阳线确认坑底，可轻仓试错，跌破坑底止损。
600000,浦发银行,golden_pit,1,[golden_pit]: 【底部位】属于左侧潜伏。若今日放量阳线确认坑底，可轻仓试错，跌破坑底止损。
003040,楚天龙,golden_pit,1,[golden_pit]: 【底部位】属于左侧潜伏。若今日放量阳线确认坑底，可轻仓试错，跌破坑底止损。
003038,鑫铂股份,golden_pit,1,[golden_pit]: 【底部位】属于左侧潜伏。若今日放量阳线确认坑底，可轻仓试错，跌破坑底止损。
003037,三和管桩,golden_pit,1,[golden_pit]: 【底部位】属于左侧潜伏。若今日放量阳线确认坑底，可轻仓试错，跌破坑底止损。
003016,欣贺股份,macd_water,1,[macd_water]: 【强势位】DIF在水上。若股价回踩20日线企稳可低吸，MACD红柱缩短需减仓。
002401,中远海科,golden_pit,1,[golden_pit]: 【底部位】属于左侧潜伏。若今日放量阳线确认坑底，可轻仓试错，跌破坑底止损。
002969,嘉美包装,macd_water,1,[macd_water]: 【强势位】DIF在水上。若股价回踩20日线企稳可低吸，MACD红柱缩短需减仓。
002963,豪尔赛,golden_pit,1,[golden_pit]: 【底部位】属于左侧潜伏。若今日放量阳线确认坑底，可轻仓试错，跌破坑底止损。
002953,日丰股份,golden_pit,1,[golden_pit]: 【底部位】属于左侧潜伏。若今日放量阳线确认坑底，可轻仓试错，跌破坑底止损。
002951,金时科技,macd_water,1,[macd_water]: 【强势位】DIF在水上。若股价回踩20日线企稳可低吸，MACD红柱缩短需减仓。
002928,华夏航空,golden_pit,1,[golden_pit]: 【底部位】属于左侧潜伏。若今日放量阳线确认坑底，可轻仓试错，跌破坑底止损。
002918,蒙娜丽莎,golden_pit,1,[golden_pit]: 【底部位】属于左侧潜伏。若今日放量阳线确认坑底，可轻仓试错，跌破坑底止损。
002908,德生科技,golden_pit,1,[golden_pit]: 【底部位】属于左侧潜伏。若今日放量阳线确认坑底，可轻仓试错，跌破坑底止损。
002892,科力尔,golden_pit,1,[golden_pit]: 【底部位】属于左侧潜伏。若今日放量阳线确认坑底，可轻仓试错，跌破坑底止损。
002883,中设股份,golden_pit,1,[golden_pit]: 【底部位】属于左侧潜伏。若今日放量阳线确认坑底，可轻仓试错，跌破坑底止损。
002875,安奈儿,golden_pit,1,[golden_pit]: 【底部位】属于左侧潜伏。若今日放量阳线确认坑底，可轻仓试错，跌破坑底止损。
002871,伟隆股份,macd_water,1,[macd_water]: 【强势位】DIF在水上。若股价回踩20日线企稳可低吸，MACD红柱缩短需减仓。
002842,翔鹭钨业,macd_water,1,[macd_water]: 【强势位】DIF在水上。若股价回踩20日线企稳可低吸，MACD红柱缩短需减仓。
002986,宇新股份,golden_pit,1,[golden_pit]: 【底部位】属于左侧潜伏。若今日放量阳线确认坑底，可轻仓试错，跌破坑底止损。
600409,三友化工,macd_water,1,[macd_water]: 【强势位】DIF在水上。若股价回踩20日线企稳可低吸，MACD红柱缩短需减仓。
600405,动力源,golden_pit,1,[golden_pit]: 【底部位】属于左侧潜伏。若今日放量阳线确认坑底，可轻仓试错，跌破坑底止损。
600399,抚顺特钢,macd_water,1,[macd_water]: 【强势位】DIF在水上。若股价回踩20日线企稳可低吸，MACD红柱缩短需减仓。
600390,五矿资本,golden_pit,1,[golden_pit]: 【底部位】属于左侧潜伏。若今日放量阳线确认坑底，可轻仓试错，跌破坑底止损。
600372,中航机载,golden_pit,1,[golden_pit]: 【底部位】属于左侧潜伏。若今日放量阳线确认坑底，可轻仓试错，跌破坑底止损。
600367,红星发展,macd_water,1,[macd_water]: 【强势位】DIF在水上。若股价回踩20日线企稳可低吸，MACD红柱缩短需减仓。
600359,新农开发,golden_pit,1,[golden_pit]: 【底部位】属于左侧潜伏。若今日放量阳线确认坑底，可轻仓试错，跌破坑底止损。
600356,恒丰纸业,golden_pit,1,[golden_pit]: 【底部位】属于左侧潜伏。若今日放量阳线确认坑底，可轻仓试错，跌破坑底止损。
600350,山东高速,macd_water,1,[macd_water]: 【强势位】DIF在水上。若股价回踩20日线企稳可低吸，MACD红柱缩短需减仓。
600348,华阳股份,golden_pit,1,[golden_pit]: 【底部位】属于左侧潜伏。若今日放量阳线确认坑底，可轻仓试错，跌破坑底止损。
600328,中盐化工,golden_pit,1,[golden_pit]: 【底部位】属于左侧潜伏。若今日放量阳线确认坑底，可轻仓试错，跌破坑底止损。
600115,中国东航,golden_pit,1,[golden_pit]: 【底部位】属于左侧潜伏。若今日放量阳线确认坑底，可轻仓试错，跌破坑底止损。
600302,标准股份,macd_water,1,[macd_water]: 【强势位】DIF在水上。若股价回踩20日线企稳可低吸，MACD红柱缩短需减仓。
600292,远达环保,golden_pit,1,[golden_pit]: 【底部位】属于左侧潜伏。若今日放量阳线确认坑底，可轻仓试错，跌破坑底止损。
600288,大恒科技,golden_pit,1,[golden_pit]: 【底部位】属于左侧潜伏。若今日放量阳线确认坑底，可轻仓试错，跌破坑底止损。
600235,民丰特纸,golden_pit,1,[golden_pit]: 【底部位】属于左侧潜伏。若今日放量阳线确认坑底，可轻仓试错，跌破坑底止损。
600219,南山铝业,macd_water,1,[macd_water]: 【强势位】DIF在水上。若股价回踩20日线企稳可低吸，MACD红柱缩短需减仓。
600215,派斯林,golden_pit,1,[golden_pit]: 【底部位】属于左侧潜伏。若今日放量阳线确认坑底，可轻仓试错，跌破坑底止损。
600192,长城电工,golden_pit,1,[golden_pit]: 【底部位】属于左侧潜伏。若今日放量阳线确认坑底，可轻仓试错，跌破坑底止损。
600186,莲花控股,macd_water,1,[macd_water]: 【强势位】DIF在水上。若股价回踩20日线企稳可低吸，MACD红柱缩短需减仓。
600143,金发科技,golden_pit,1,[golden_pit]: 【底部位】属于左侧潜伏。若今日放量阳线确认坑底，可轻仓试错，跌破坑底止损。
600128,苏豪弘业,golden_pit,1,[golden_pit]: 【底部位】属于左侧潜伏。若今日放量阳线确认坑底，可轻仓试错，跌破坑底止损。
600126,杭钢股份,golden_pit,1,[golden_pit]: 【底部位】属于左侧潜伏。若今日放量阳线确认坑底，可轻仓试错，跌破坑底止损。
600120,浙江东方,golden_pit,1,[golden_pit]: 【底部位】属于左侧潜伏。若今日放量阳线确认坑底，可轻仓试错，跌破坑底止损。
688355,明志科技,golden_pit,1,[golden_pit]: 【底部位】属于左侧潜伏。若今日放量阳线确认坑底，可轻仓试错，跌破坑底止损。
002585,双星新材,macd_water,1,[macd_water]: 【强势位】DIF在水上。若股价回踩20日线企稳可低吸，MACD红柱缩短需减仓。
002583,海能达,golden_pit,1,[golden_pit]: 【底部位】属于左侧潜伏。若今日放量阳线确认坑底，可轻仓试错，跌破坑底止损。
002576,通达动力,golden_pit,1,[golden_pit]: 【底部位】属于左侧潜伏。若今日放量阳线确认坑底，可轻仓试错，跌破坑底止损。
002571,德力股份,macd_water,1,[macd_water]: 【强势位】DIF在水上。若股价回踩20日线企稳可低吸，MACD红柱缩短需减仓。
002562,兄弟科技,golden_pit,1,[golden_pit]: 【底部位】属于左侧潜伏。若今日放量阳线确认坑底，可轻仓试错，跌破坑底止损。
002560,通达股份,macd_water,1,[macd_water]: 【强势位】DIF在水上。若股价回踩20日线企稳可低吸，MACD红柱缩短需减仓。
002552,宝鼎科技,macd_water,1,[macd_water]: 【强势位】DIF在水上。若股价回踩20日线企稳可低吸，MACD红柱缩短需减仓。
002545,东方铁塔,macd_water,1,[macd_water]: 【强势位】DIF在水上。若股价回踩20日线企稳可低吸，MACD红柱缩短需减仓。
002532,天山铝业,macd_water,1,[macd_water]: 【强势位】DIF在水上。若股价回踩20日线企稳可低吸，MACD红柱缩短需减仓。
002530,金财互联,golden_pit,1,[golden_pit]: 【底部位】属于左侧潜伏。若今日放量阳线确认坑底，可轻仓试错，跌破坑底止损。
002516,旷达科技,macd_water,1,[macd_water]: 【强势位】DIF在水上。若股价回踩20日线企稳可低吸，MACD红柱缩短需减仓。
002811,郑中设计,macd_water,1,[macd_water]: 【强势位】DIF在水上。若股价回踩20日线企稳可低吸，MACD红柱缩短需减仓。
002494,华斯股份,golden_pit,1,[golden_pit]: 【底部位】属于左侧潜伏。若今日放量阳线确认坑底，可轻仓试错，跌破坑底止损。
002493,荣盛石化,macd_water,1,[macd_water]: 【强势位】DIF在水上。若股价回踩20日线企稳可低吸，MACD红柱缩短需减仓。
002476,宝莫股份,macd_water,1,[macd_water]: 【强势位】DIF在水上。若股价回踩20日线企稳可低吸，MACD红柱缩短需减仓。
002471,中超控股,macd_water,1,[macd_water]: 【强势位】DIF在水上。若股价回踩20日线企稳可低吸，MACD红柱缩短需减仓。
002465,海格通信,macd_water,1,[macd_water]: 【强势位】DIF在水上。若股价回踩20日线企稳可低吸，MACD红柱缩短需减仓。
002455,百川股份,golden_pit,1,[golden_pit]: 【底部位】属于左侧潜伏。若今日放量阳线确认坑底，可轻仓试错，跌破坑底止损。
002441,众业达,golden_pit,1,[golden_pit]: 【底部位】属于左侧潜伏。若今日放量阳线确认坑底，可轻仓试错，跌破坑底止损。
002434,万里扬,golden_pit,1,[golden_pit]: 【底部位】属于左侧潜伏。若今日放量阳线确认坑底，可轻仓试错，跌破坑底止损。
002429,兆驰股份,macd_water,1,[macd_water]: 【强势位】DIF在水上。若股价回踩20日线企稳可低吸，MACD红柱缩短需减仓。
002427,尤夫股份,golden_pit,1,[golden_pit]: 【底部位】属于左侧潜伏。若今日放量阳线确认坑底，可轻仓试错，跌破坑底止损。
002423,中粮资本,golden_pit,1,[golden_pit]: 【底部位】属于左侧潜伏。若今日放量阳线确认坑底，可轻仓试错，跌破坑底止损。
002406,远东传动,golden_pit,1,[golden_pit]: 【底部位】属于左侧潜伏。若今日放量阳线确认坑底，可轻仓试错，跌破坑底止损。
002511,中顺洁柔,golden_pit,1,[golden_pit]: 【底部位】属于左侧潜伏。若今日放量阳线确认坑底，可轻仓试错，跌破坑底止损。
002803,吉宏股份,golden_pit,1,[golden_pit]: 【底部位】属于左侧潜伏。若今日放量阳线确认坑底，可轻仓试错，跌破坑底止损。
002802,洪汇新材,golden_pit,1,[golden_pit]: 【底部位】属于左侧潜伏。若今日放量阳线确认坑底，可轻仓试错，跌破坑底止损。
002769,普路通,macd_water,1,[macd_water]: 【强势位】DIF在水上。若股价回踩20日线企稳可低吸，MACD红柱缩短需减仓。
002765,蓝黛科技,golden_pit,1,[golden_pit]: 【底部位】属于左侧潜伏。若今日放量阳线确认坑底，可轻仓试错，跌破坑底止损。
002763,汇洁股份,macd_water,1,[macd_water]: 【强势位】DIF在水上。若股价回踩20日线企稳可低吸，MACD红柱缩短需减仓。
002743,富煌钢构,golden_pit,1,[golden_pit]: 【底部位】属于左侧潜伏。若今日放量阳线确认坑底，可轻仓试错，跌破坑底止损。
002716,湖南白银,macd_water,1,[macd_water]: 【强势位】DIF在水上。若股价回踩20日线企稳可低吸，MACD红柱缩短需减仓。
002715,登云股份,golden_pit,1,[golden_pit]: 【底部位】属于左侧潜伏。若今日放量阳线确认坑底，可轻仓试错，跌破坑底止损。
002708,光洋股份,golden_pit,1,[golden_pit]: 【底部位】属于左侧潜伏。若今日放量阳线确认坑底，可轻仓试错，跌破坑底止损。
002677,浙江美大,macd_water,1,[macd_water]: 【强势位】DIF在水上。若股价回踩20日线企稳可低吸，MACD红柱缩短需减仓。
002674,兴业科技,macd_water,1,[macd_water]: 【强势位】DIF在水上。若股价回踩20日线企稳可低吸，MACD红柱缩短需减仓。
002587,奥拓电子,macd_water,1,[macd_water]: 【强势位】DIF在水上。若股价回踩20日线企稳可低吸，MACD红柱缩短需减仓。
002668,TCL智家,macd_water,1,[macd_water]: 【强势位】DIF在水上。若股价回踩20日线企稳可低吸，MACD红柱缩短需减仓。
002655,共达电声,golden_pit,1,[golden_pit]: 【底部位】属于左侧潜伏。若今日放量阳线确认坑底，可轻仓试错，跌破坑底止损。
002651,利君股份,macd_water,1,[macd_water]: 【强势位】DIF在水上。若股价回踩20日线企稳可低吸，MACD红柱缩短需减仓。
002644,佛慈制药,golden_pit,1,[golden_pit]: 【底部位】属于左侧潜伏。若今日放量阳线确认坑底，可轻仓试错，跌破坑底止损。
002636,金安国纪,macd_water,1,[macd_water]: 【强势位】DIF在水上。若股价回踩20日线企稳可低吸，MACD红柱缩短需减仓。
002631,德尔未来,macd_water,1,[macd_water]: 【强势位】DIF在水上。若股价回踩20日线企稳可低吸，MACD红柱缩短需减仓。
002627,三峡旅游,golden_pit,1,[golden_pit]: 【底部位】属于左侧潜伏。若今日放量阳线确认坑底，可轻仓试错，跌破坑底止损。
002623,亚玛顿,golden_pit,1,[golden_pit]: 【底部位】属于左侧潜伏。若今日放量阳线确认坑底，可轻仓试错，跌破坑底止损。
002617,露笑科技,golden_pit,1,[golden_pit]: 【底部位】属于左侧潜伏。若今日放量阳线确认坑底，可轻仓试错，跌破坑底止损。
002602,ST华通,golden_pit,1,[golden_pit]: 【底部位】属于左侧潜伏。若今日放量阳线确认坑底，可轻仓试错，跌破坑底止损。
002600,领益智造,golden_pit,1,[golden_pit]: 【底部位】属于左侧潜伏。若今日放量阳线确认坑底，可轻仓试错，跌破坑底止损。
002599,盛通股份,golden_pit,1,[golden_pit]: 【底部位】属于左侧潜伏。若今日放量阳线确认坑底，可轻仓试错，跌破坑底止损。
002669,康达新材,macd_water,1,[macd_water]: 【强势位】DIF在水上。若股价回踩20日线企稳可低吸，MACD红柱缩短需减仓。
